<?xml version="1.0" encoding="UTF-8"?><?xml-stylesheet type='text/xsl' href='_UpgradeReport_Files/UpgradeReport.xslt'?><UpgradeLog>
<Properties><Property Name="Solution" Value="OptCuboids">
</Property><Property Name="Solution File" Value="C:\Users\t-boding\Desktop\Working\19. Differentially Private OLAP\Program\OptCuboids\OptCuboids.sln">
</Property><Property Name="Date" Value="Saturday, October 23, 2010">
</Property><Property Name="Time" Value="14:05 PM">
</Property><Property Name="Log Number" Value="2">
</Property></Properties><Event ErrorLevel="0" Project="OptCuboids" Source="OptCuboids.vcproj" Description="Converting project file 'C:\Users\t-boding\Desktop\Working\19. Differentially Private OLAP\Program\OptCuboids\OptCuboids.vcproj'.">
</Event><Event ErrorLevel="1" Project="OptCuboids" Source="OptCuboids.vcproj" Description="VCWebServiceProxyGeneratorTool is no longer supported. The tool has been removed from your project settings.">
</Event><Event ErrorLevel="1" Project="OptCuboids" Source="OptCuboids.vcproj" Description="Attribute 'Detect64BitPortabilityProblems' of 'VCCLCompilerTool' is not supported in this version and has been removed during conversion.">
</Event><Event ErrorLevel="1" Project="OptCuboids" Source="OptCuboids.vcproj" Description="Attribute 'Detect64BitPortabilityProblems' of 'VCCLCompilerTool' is not supported in this version and has been removed during conversion.">
</Event><Event ErrorLevel="0" Project="OptCuboids" Source="OptCuboids.vcproj" Description="Done converting to new project file 'C:\Users\t-boding\Desktop\Working\19. Differentially Private OLAP\Program\OptCuboids\OptCuboids.vcxproj'.">
</Event><Event ErrorLevel="3" Project="OptCuboids" Source="OptCuboids.vcproj" Description="Converted">
</Event><Event ErrorLevel="0" Project="" Source="OptCuboids.sln" Description="Solution converted successfully">
</Event><Event ErrorLevel="3" Project="" Source="OptCuboids.sln" Description="Converted">
</Event></UpgradeLog>