<?xml version="1.0" encoding="UTF-8"?><?xml-stylesheet type='text/xsl' href='_UpgradeReport_Files/UpgradeReport.xslt'?><UpgradeLog>
<Properties><Property Name="Solution" Value="OptCuboids">
</Property><Property Name="Solution File" Value="C:\Work Space\Working\19. Differentially Private OLAP\Program\OptCuboids\OptCuboids.sln">
</Property><Property Name="User Options File" Value="C:\Work Space\Working\19. Differentially Private OLAP\Program\OptCuboids\OptCuboids.suo">
</Property><Property Name="Date" Value="Sunday, February 28, 2010">
</Property><Property Name="Time" Value="21:10 PM">
</Property></Properties><Event ErrorLevel="0" Project="" Source="OptCuboids.sln" Description="File successfully backed up as C:\Work Space\Working\19. Differentially Private OLAP\Program\OptCuboids\OptCuboids.sln.old">
</Event><Event ErrorLevel="0" Project="" Source="OptCuboids.suo" Description="File successfully backed up as C:\Work Space\Working\19. Differentially Private OLAP\Program\OptCuboids\OptCuboids.suo.old">
</Event><Event ErrorLevel="0" Project="OptCuboids" Source="OptCuboids.vcproj" Description="Web deployment to the local IIS server is no longer supported. The Web Deployment build tool has been removed from your project settings.">
</Event><Event ErrorLevel="1" Project="OptCuboids" Source="OptCuboids.vcproj" Description="This application has been updated to include settings related to the User Account Control (UAC) feature of Windows Vista. By default, when run on Windows Vista with UAC enabled, this application is marked to run with the same privileges as the process that launched it. This marking also disables the application from running with virtualization. You can change UAC related settings from the Property Pages of the project.">
</Event><Event ErrorLevel="0" Project="OptCuboids" Source="OptCuboids.vcproj" Description="Project file successfully backed up as 'C:\Work Space\Working\19. Differentially Private OLAP\Program\OptCuboids\OptCuboids.vcproj.8.00.old'.">
</Event><Event ErrorLevel="0" Project="OptCuboids" Source="OptCuboids.vcproj" Description="Project upgraded successfully.">
</Event><Event ErrorLevel="3" Project="OptCuboids" Source="OptCuboids.vcproj" Description="Converted">
</Event><Event ErrorLevel="0" Project="" Source="OptCuboids.sln" Description="Solution converted successfully">
</Event><Event ErrorLevel="3" Project="" Source="OptCuboids.sln" Description="Converted">
</Event></UpgradeLog>