<?xml version="1.0" encoding="UTF-8"?><?xml-stylesheet type='text/xsl' href='_UpgradeReport_Files/UpgradeReport.xslt'?><UpgradeLog>
<Properties><Property Name="Solution" Value="PostComp">
</Property><Property Name="Solution File" Value="C:\Users\t-boding\Desktop\Working\19. Differentially Private OLAP\Program\PostComp\PostComp.sln">
</Property><Property Name="Date" Value="Saturday, October 23, 2010">
</Property><Property Name="Time" Value="13:59 PM">
</Property></Properties><Event ErrorLevel="0" Project="PostComp" Source="PostComp.vcproj" Description="Converting project file 'C:\Users\t-boding\Desktop\Working\19. Differentially Private OLAP\Program\PostComp\PostComp.vcproj'.">
</Event><Event ErrorLevel="1" Project="PostComp" Source="PostComp.vcproj" Description="VCWebServiceProxyGeneratorTool is no longer supported. The tool has been removed from your project settings.">
</Event><Event ErrorLevel="0" Project="PostComp" Source="PostComp.vcproj" Description="Done converting to new project file 'C:\Users\t-boding\Desktop\Working\19. Differentially Private OLAP\Program\PostComp\PostComp.vcxproj'.">
</Event><Event ErrorLevel="3" Project="PostComp" Source="PostComp.vcproj" Description="Converted">
</Event><Event ErrorLevel="0" Project="" Source="PostComp.sln" Description="Solution converted successfully">
</Event><Event ErrorLevel="3" Project="" Source="PostComp.sln" Description="Converted">
</Event></UpgradeLog>